Category-Item,vehicle-class,Unnamed: 0_level_0-Unnamed: 0_level_1,Comfort-Air conditioning,Comfort-Central door locking,Comfort-Cruise control,Comfort-Dual zone climatronic,Comfort-Electric windows,Comfort-Keyless entry,Comfort-Parking sensors,Comfort-Power steering,Comfort-Start / stop system,Comfort-Start button,Drive-Drive system,Drive-Fuel,Drive-Total max power,Drive-Total max torque,Drive-Wheel drive,Electric Engine-Battery capacity,Electric Engine-Battery type,Electric Engine-Battery voltage,Electric Engine-Charging 230V/16A,Electric Engine-Engine type,Electric Engine-Max torque,Electric Engine-Number of engines,Electric Engine-Total max power,Electric Engine-Battery range,Electric Engine-Power consumption,Exterior sizes-Height,Exterior sizes-Length,Exterior sizes-Wheelbase,Exterior sizes-Width,Exterior sizes-Ground clearance,Fuel Engine-Capacity,Fuel Engine-Catalyst,Fuel Engine-Cylinders,Fuel Engine-Engine type,Fuel Engine-Fuel system,Fuel Engine-Fuel tank,Fuel Engine-Max power RPM,Fuel Engine-Max power,Fuel Engine-Max torque RPM,Fuel Engine-Max torque,Fuel Engine-Turbo,Fuel Engine-Valves per cylinder,General Specifications-Carbody,General Specifications-Doors number,General Specifications-End date,General Specifications-Last new price,General Specifications-Number of car seats,General Specifications-Release date,General Specifications-Transmission,Performance-Acceleration 0-100 km/h,Performance-Average consumption,Performance-CO2 Emission,Performance-Energy level,Performance-Extra-urban consumption,Performance-Top speed,Performance-Urban consumption,Transmission  / Gear ratio-Final drive,Transmission  / Gear ratio-RPM at 120 km/h (theoretical),Weights-Empty mass,Weights-Max. permissible mass,Weights-Max. roof load,Fuel Engine-Stroke,Chassis-Rolling Radius Static,Chassis-Rolling Radius Dynamic,Transmission  / Gear ratio-Gear Box Ratios,Weights-Unladen mass,Weights-Running order mass,Weights-Reference mass,Weights-Inertia mass,Exterior sizes-Frontal area,Class-Euro standard car segments
39393,A,56022,yes,yes,no,no,,no,no,yes,no,,fuel engine,diesel,70,200,front,,,,,,,,,,,1.488,3.546,2.3,1.627,,1248,particle filter,4,dohc,common rail,35,4000,70,1500,200,yes,4,hatchback,3,2015,20195,4,2013,manual,11,3.7,97,C,3.1,180,4.7,3.44,2900,955,1420,50,82,269.865,283.7378641,[3.91- 2.16- 1.35- 0.97- 0.77],931.375,1006.375,1031.375,1020,2.420976,A
8188,A,9793,yes,yes,yes,no,,no,no,yes,no,,fuel engine,diesel,63,200,front,,,,,,,,,,,1.47,3.687,2.367,1.654,,1461,particle filter,4,ohc,common rail,40,4000,63,1750,200,yes,2,hatchback,3,2014,13890,4,2013,manual,11.2,3.3,85,B,3,185,3.8,3.44,2600,955,1425,,80.5,266.525,283.0582524,[3.73- 2.05- 1.32- 0.94- 0.69],928,1003,1028,1020,2.43138,A
40516,B,57623,yes,yes,yes,no,,no,550,yes,no,,fuel engine,petrol,74,145,front,,,,,,,,,,,1.493,4.027,2.575,1.707,,1149,regular,4,ohc,multipoint injection,55,5500,74,3000,145,yes,4,hatchback,3,2012,16390,5,2012,manual,11,5.4,125,C,4.5,184,7,3.88,3350,1065,1580,,76.8,279.25,291.9417476,[3.73- 2.05- 1.39- 1.03- 0.82],1027.875,1102.875,1127.875,1130,2.548551,B
35452,B,50322,995,yes,295,no,,no,550,yes,no,,fuel engine,diesel,65,200,front,,,,,,,,,,,1.493,4.027,2.575,1.707,,1461,particle filter,4,ohc,common rail,55,4000,65,1750,200,yes,2,hatchback,5,2013,16890,5,2012,manual,11,3.4,89,B,3,182,4.2,3.29,2400,1175,1665,,80.5,277.08,292.7184466,[3.73- 2.05- 1.32- 0.94- 0.69],1137.875,1212.875,1237.875,1250,2.548551,B
40225,B,57227,yes,yes,yes,no,,no,yes,yes,yes,,fuel engine,diesel,55,210,front,,,,,,,,,,,1.453,3.972,2.47,1.682,,1422,particle filter,3,dohc,common rail,45,3000,55,1500,210,yes,4,hatchback,3,available,19350,5,2015,manual,12.9,3.1,82,B,2.6,178,4,3.39,2350,1090,1620,75,95.5,277.08,292.7184466,[3.78- 2.12- 1.27- 0.87- 0.66],1059.625,1134.625,1159.625,1130,2.443946,B
7897,B,9481,yes,yes,yes,yes,,no,yes,yes,no,,fuel engine,petrol,153,300,front,,,,,,,,,,,1.45,3.962,2.538,1.739,,1598,regular,4,dohc,direct injection,50,6800,153,1700,300,yes,4,hatchback,3,available,30208,5,2015,manual,6.5,5.4,125,C,4.6,230,6.9,3.56,2500,1135,1650,65,85.8,292.56,301.5533981,[3.55- 1.92- 1.32- 1.03- 0.82- 0.68],1101.25,1176.25,1201.25,1130,2.52155,B
7972,B,9557,yes,yes,yes,no,,no,no,yes,yes,,fuel engine,diesel,68,230,front,,,,,,,,,,,1.46,3.962,2.538,1.739,,1560,regular,4,dohc,common rail,50,4000,68,1750,230,yes,2,hatchback,5,2015,19815,5,2014,manual,10.9,3.3,85,B,3,185,3.8,3.47,2350,1055,1625,65,88.3,284.295,301.6990291,[3.45- 1.87- 1.16- 0.82- 0.66],1021.25,1096.25,1121.25,1130,2.53894,B
41388,B,58842,yes,yes,no,no,,no,yes,yes,no,,fuel engine,petrol,74,146,front,,,,,,,,,,,1.463,3.918,2.486,1.683,,1596,regular,4,dohc,multipoint injection,45,6000,74,4000,146,no,4,hatchback,5,2008,16195,5,2008,manual,11,6.4,153,F,5.1,183,8.8,4.25,3450,1011,1540,75,81.4,274.155,289.0776699,[3.15- 1.93- 1.28- 0.95- 0.76],980.625,1055.625,1080.625,1020,2.462229,B
5766,B,7076,yes,yes,yes,no,,no,yes,yes,yes,,fuel engine,diesel,66,130,front,,,,,,,,,,,1.479,4.021,2.51,1.736,,1248,particle filter,4,dohc,common rail,45,3750,70,1500,190,yes,4,hatchback,3,available,19895,5,2015,automatic,13.5,3.1,82,B,3,182,3.4,3.55,2450,1099,1665,75,82,286.855,301.407767,[3.73- 1.96- 1.32- 0.89- 0.67],1068.625,1143.625,1168.625,1130,2.567544,B
9645,B,11903,yes,yes,yes,yes,,no,yes,yes,no,,fuel engine,petrol,81,205,front,,,,,,,,,,,1.631,4.101,2.54,1.766,,1199,regular,3,dohc,direct injection,50,5500,81,1500,205,no,4,mpv,5,available,19590,5,2015,manual,10.7,5,115,B,4.2,186,6.4,4.76,3750,1179,1753,60,90.5,286.855,301.407767,[3.42- 1.8- 1.28- 0.98- 0.77],1145.25,1220.25,1245.25,1250,2.880346,B
9639,B,11897,yes,yes,yes,yes,,no,yes,yes,yes,,fuel engine,diesel,73,254,front,,,,,,,,,,,1.631,4.101,2.54,1.766,,1560,particle filter,4,dohc,common rail,50,3750,73,1750,254,yes,2,mpv,5,available,22900,5,2015,manual,12.1,3.9,101,C,3.5,179,4.7,3.74,2300,1280,1779,60,88.3,286.855,301.407767,[3.58- 1.92- 1.32- 0.98- 0.76- 0.6],1246.25,1321.25,1346.25,1360,2.880346,B
5798,B,7151,yes,yes,yes,no,,190,270,yes,yes,,fuel engine,diesel,77,250,front,,,,,,,,,,,1.467,3.992,2.47,1.732,,1422,particle filter,3,dohc,common rail,45,3500,77,1750,250,yes,4,hatchback,5,available,22240,5,2015,manual,10.1,3.5,90,C,3.3,193,3.9,3.39,2250,1065,1620,75,95.5,277.08,292.7184466,[3.78- 1.94- 1.19- 0.82- 0.63],1034.625,1109.625,1134.625,1130,2.540844,B
8280,B,9927,yes,yes,yes,no,,no,255,yes,no,,fuel engine,petrol,63,160,front,,,,,,,,,,,1.445,4.227,2.469,1.693,,1197,regular,4,ohc,multipoint injection,45,4800,63,1500,160,yes,2,stationwagon,5,available,17990,5,2014,manual,11.7,5.1,119,B,4.4,180,6.5,3.63,2850,1045,1605,75,75.6,278.665,291.2135922,[3.77- 1.95- 1.28- 0.93- 0.74],1014.625,1089.625,1114.625,1130,2.446385,B
34271,C,48725,yes,yes,yes,yes,,no,yes,yes,yes,,fuel engine,petrol,85,190,front,,,,,,,,,,,1.471,4.302,2.64,1.808,,1198,regular,4,dohc,direct injection,60,4500,85,2000,190,yes,4,hatchback,5,available,22190,5,2014,manual,10.9,5.3,119,B,4.6,190,6.4,3.73,2800,1180,1787,,73.2,299.14,316.6990291,[3.73- 2.11- 1.45- 1.11- 0.91- 0.77],1139.5,1214.5,1239.5,1250,2.659568,C
34265,C,48719,yes,yes,yes,yes,,no,yes,yes,no,,fuel engine,diesel,81,240,front,,,,,,,,,,,1.471,4.302,2.64,1.808,,1461,particle filter,4,dohc,common rail,60,4000,81,1750,240,yes,4,hatchback,5,available,25790,5,2015,automatic,11.7,4.2,110,D,3.7,190,5.1,3.62,2350,1265,1845,,80.5,291.145,306.7475728,[4.31- 2.48- 1.45- 1.02- 0.84- 0.65],1224.5,1299.5,1324.5,1250,2.659568,C
6378,C,7777,yes,yes,yes,yes,,400,yes,yes,yes,,fuel engine,petrol,110,240,front,,,,,,,,,,,1.484,4.538,2.648,1.823,,1498,regular,4,dohc,direct injection,55,6000,110,1600,240,yes,4,sedan,4,available,26445,5,2015,automatic,9,5.8,134,B,5,210,7.5,4.07,2750,1271,1900,75,76.4,299.75,313.9805825,[3.73- 2.05- 1.36- 1.03- 0.82- 0.69],1233.875,1308.875,1333.875,1250,2.705332,C
47844,C,,yes,yes,yes,yes,yes,yes,€300.00,yes,no,,electric engine,electricity,107,250,front,23,lithium-ion,,,permanent magnet synchronous motor,250,1,107,162,,1.466,4.358,2.648,1.823,,,,,,,,,,,,,,hatchback,5,2014,39990,5,2013,single-speed fixed gear,11.4,,0,A,,135,,7.82,,1644,,,,323.4,,,1644,,,,2.672518,C
39723,C,56501,yes,yes,yes,yes,,no,yes,yes,yes,,fuel engine,petrol,96,230,front,,,,,,,,,,,1.471,4.585,2.73,1.804,,1199,regular,3,dohc,multipoint injection,53,5500,96,1750,230,yes,4,stationwagon,5,available,29010,5,2015,manual,10,4.7,109,A,4,205,5.9,4.18,2450,1165,1840,80,90.5,294.875,307.9126214,[3.54- 1.92- 1.22- 0.86- 0.7- 0.59],1129.225,1204.225,1229.225,1250,2.653684,C
34092,C,48535,yes,yes,yes,yes,,yes,yes,yes,yes,,fuel engine,diesel,133,400,front,,,,,,,,,,,1.457,4.253,2.62,1.804,,1997,particle filter,4,dohc,common rail,53,3750,133,2000,400,yes,4,hatchback,5,available,35330,5,2015,automatic,8.4,4,103,C,3.5,220,4.7,2.95,1950,1295,1920,,88,298.8,309.3203883,[4.45- 2.5- 1.56- 1.14- 0.85- 0.67],1259.225,1334.225,1359.225,1360,2.628428,C
2592,C,3564,yes,yes,yes,yes,,yes,560,yes,yes,,fuel engine,diesel,81,250,front,,,,,,,,,,,1.421,4.237,2.601,1.777,,1598,particle filter,4,dohc,common rail,50,3200,81,1500,250,yes,4,hatchback,3,available,33740,5,2014,manual,10.5,3.8,99,C,3.4,200,4.5,3.39,2000,1205,1790,75,80.5,294.875,307.9126214,[4.11- 2.12- 1.36- 0.97- 0.73- 0.59],1171.25,1246.25,1271.25,1250,2.525117,C
5635,C,6911,yes,yes,yes,no,,no,no,yes,no,,fuel engine,petrol,81,205,front,,,,,,,,,,,1.489,4.329,2.608,1.789,,1199,regular,3,dohc,direct injection,60,5500,81,1750,205,yes,4,hatchback,5,available,19790,5,2015,manual,12.3,4.8,112,A,4,184,6.1,4.93,3700,1175,1770,75,90.5,289.365,308.0097087,[3.46- 1.87- 1.29- 0.95- 0.75],1134.5,1209.5,1234.5,1250,2.663821,C
5630,C,6904,yes,yes,yes,yes,,no,yes,yes,yes,,fuel engine,diesel,88,300,front,,,,,,,,,,,1.489,4.329,2.608,1.789,,1560,particle filter,4,dohc,common rail,60,3500,88,1750,300,yes,2,hatchback,5,available,26390,5,2015,manual,10.6,3.6,93,B,3.3,197,4.1,3.74,2100,1255,1860,55,88.3,291.145,306.7475728,[3.54- 1.92- 1.28- 0.91- 0.67- 0.56],1214.5,1289.5,1314.5,1250,2.663821,C
7661,C,9193,yes,yes,yes,no,,no,395,yes,no,,fuel engine,petrol,125,260,front,,,,,,,,,,,1.51,4.419,2.685,1.814,,1598,regular,4,dohc,direct injection,56,6000,125,1650,260,yes,4,hatchback,5,available,26845,5,2015,manual,8.7,5.9,139,C,4.9,220,7.8,3.83,2750,1330,2000,75,81.5,303.65,318.8349515,[3.82- 2.16- 1.48- 1.07- 0.88- 0.74],1292.2,1367.2,1392.2,1360,2.73914,C
7683,C,9215,yes,yes,yes,no,,no,395,yes,yes,,fuel engine,diesel,121,350,front,,,,,,,,,,,1.51,4.419,2.685,1.814,,1956,particle filter,4,ohc,common rail,56,4000,121,1750,350,yes,4,hatchback,5,available,29495,5,2015,manual,9,4.5,119,D,4,215,5.4,3.35,2000,1418,2040,75,90.4,303.65,318.8349515,[4.17- 2.13- 1.32- 0.95- 0.75- 0.62],1380.2,1455.2,1480.2,1470,2.73914,C
8709,C,10830,yes,yes,no,no,,no,no,yes,yes,,fuel engine,petrol,99,164,front,,,,,,,,,,,1.465,4.3,2.65,1.78,,1591,regular,4,dohc,direct injection,53,6300,99,4850,164,no,4,hatchback,5,available,19995,5,2014,manual,9.9,5,118,B,4.3,190,6.4,4.06,2800,1168,1720,80,85.4,289.365,308.0097087,[3.77- 2.05- 1.37- 1.04- 0.84- 0.69],1132.225,1207.225,1232.225,1250,2.6077,C
9769,C,12072,yes,yes,yes,yes,,no,yes,yes,yes,,fuel engine,diesel,94,260,front,,,,,,,,,,,1.465,4.3,2.65,1.78,,1582,particle filter,4,dohc,common rail,53,4000,94,1900,260,yes,4,hatchback,3,2014,25795,5,2013,manual,10.9,3.7,97,C,3.5,188,4.1,3.47,2100,1265,1810,80,85,291.145,306.7475728,[3.77- 2.05- 1.19- 0.84- 0.7- 0.6],1229.225,1304.225,1329.225,1250,2.6077,C
1872,C,2834,yes,yes,yes,yes,,no,yes,yes,yes,,fuel engine,diesel,88,280,front,,,,,,,,,,,1.47,4.37,2.646,1.802,,1969,particle filter,4,dohc,common rail,52,3750,88,1500,280,yes,4,hatchback,5,available,37995,5,2015,manual,10.6,3.7,96,B,3.4,190,4.2,3.61,2150,1348,1980,100,93.2,303.65,318.8349515,[3.73- 2.05- 1.26- 0.92- 0.74- 0.62],1312.9,1387.9,1412.9,1360,2.64894,C
10328,C,13562,yes,yes,yes,yes,,no,yes,yes,no,,fuel engine,petrol,107,185,front,,,,,,,,,,,1.457,4.522,2.64,1.77,,1999,regular,4,dohc,multipoint injection,55,6000,107,4000,185,no,4,stationwagon,5,2012,31750,5,2011,manual,9.6,7.6,176,F,5.7,210,10.8,4.07,3500,1283,1890,100,83.1,291.145,306.7475728,[3.42- 2.14- 1.48- 1.11- 0.85],1245.875,1320.875,1345.875,1360,2.57889,C
35476,D,50356,yes,yes,yes,yes,,no,yes,yes,yes,,fuel engine,petrol,92,200,front,,,,,,,,,,,1.461,4.767,2.791,1.832,,1395,regular,4,dohc,direct injection,66,5000,92,1400,200,yes,4,sedan,4,available,32350,5,2015,manual,9.7,5.3,123,A,4.4,208,6.8,4.35,2700,1267,1910,100,80,303.82,322.5242718,[3.62- 1.95- 1.28- 0.97- 0.78- 0.65],1222.45,1297.45,1322.45,1250,2.676552,D
41989,D,59697,yes,yes,yes,yes,,no,yes,yes,yes,,fuel engine,diesel,88,250,front,,,,,,,,,,,1.461,4.767,2.791,1.832,,1598,particle filter,4,dohc,common rail,66,3600,88,1500,250,yes,4,sedan,4,available,34850,5,2015,manual,10.8,4,108,B,3.6,206,4.7,3.65,2050,1344,1990,100,80.5,303.82,322.5242718,[4.11- 2.12- 1.36- 0.97- 0.73- 0.59],1299.45,1374.45,1399.45,1360,2.676552,D
26799,D,37854,yes,yes,yes,yes,,no,yes,yes,yes,,fuel engine,petrol,125,320,front+rear,,,,,,,,,,,1.427,4.701,2.808,1.826,,1798,regular,4,dohc,direct injection,61,3800,125,1400,320,yes,4,sedan,4,available,41025,5,2015,manual,7.9,6.2,134,B,5.2,229,8.1,3.69,2250,1480,1980,90,84.1,299.725,317.4271845,[3.78- 2.05- 1.32- 0.97- 0.76- 0.63],1438.825,1513.825,1538.825,1470,2.605702,D
26851,D,37926,yes,yes,yes,yes,,no,yes,yes,yes,,fuel engine,diesel,140,400,front+rear,,,,,,,,,,,1.427,4.701,2.808,1.826,,1968,particle filter,4,dohc,common rail,63,4200,140,1750,400,yes,4,sedan,4,available,53450,5,2014,automatic,7.3,5,132,D,4.5,235,5.9,4.09,1850,1630,2205,90,95.5,305.04,317.0873786,[3.69- 2.15- 1.34- 0.97- 0.74- 0.57- 0.46],1587.475,1662.475,1687.475,1700,2.605702,D
27189,D,38447,yes,yes,yes,yes,,no,yes,yes,yes,,fuel engine,petrol,165,350,front+rear,,,,,,,,,,,1.391,4.712,2.81,1.854,,1984,regular,4,dohc,direct injection,64,4500,165,1500,350,yes,4,hatchback,5,available,56020,4,2014,automatic,6.5,6.7,155,C,5.6,245,8.5,4.09,2050,1590,2165,90,92.8,303.65,318.8349515,[3.69- 2.15- 1.41- 1.03- 0.79- 0.63- 0.52],1546.8,1621.8,1646.8,1590,2.578914,D
23801,D,32866,yes,yes,yes,yes,,no,yes,yes,no,,fuel engine,petrol,125,210,rear,,,,,,,,,,,1.384,4.612,2.76,1.782,,1995,regular,4,dohc,direct injection,63,6700,125,4250,210,no,4,cabriolet,2,2013,57672,4,2013,automatic,9.8,7.3,169,E,5.8,226,9.8,4.1,2800,1600,2055,,90,298.8,309.3203883,[4.17- 2.34- 1.52- 1.14- 0.86- 0.69],1557.475,1632.475,1657.475,1590,2.466288,D
3079,D,4065,yes,yes,yes,yes,,no,yes,yes,yes,,fuel engine,diesel,85,270,rear,,,,,,,,,,,1.429,4.624,2.81,1.811,,1995,particle filter,4,dohc,common rail,57,4000,85,1250,270,yes,4,stationwagon,5,available,44295,5,2015,manual,11.2,4.1,109,C,3.7,200,4.9,3.23,2050,1470,2090,75,90,299.14,316.6990291,[4.0- 2.11- 1.38- 1.0- 0.78- 0.65],1431.525,1506.525,1531.525,1470,2.587919,D
36525,D,51874,yes,yes,yes,no,,no,450,yes,yes,,fuel engine,petrol,88,156,front,,,,,,,,,,,1.456,4.792,2.817,1.853,,1598,regular,4,dohc,multipoint injection,72,6000,88,4250,156,no,4,sedan,4,available,29080,5,2014,automatic,11.5,6.2,144,B,4.6,203,9,4.87,3050,1365,1945,70,85.8,303.82,322.5242718,[3.54- 1.92- 1.32- 0.98- 0.76- 0.65],1316.4,1391.4,1416.4,1360,2.697968,D
47766,D,68104,yes,yes,yes,yes,,no,yes,yes,yes,,fuel engine,diesel,88,300,front,,,,,,,,,,,1.476,4.813,2.817,1.853,,1560,particle filter,4,dohc,common rail,72,3500,88,1750,300,yes,2,stationwagon,5,available,35360,5,2015,manual,11.6,4.2,100,A,3.7,197,5,4.05,2300,1405,2100,80,88.3,303.82,322.5242718,[3.54- 1.92- 1.32- 0.98- 0.76- 0.6],1356.4,1431.4,1456.4,1470,2.735028,D
6386,D,7786,yes,yes,yes,yes,,yes,yes,yes,no,,fuel engine,petrol,118,240,front,,,,,,,,,,,1.482,4.871,2.85,1.852,,1498,regular,4,dohc,direct injection,63,5700,118,1600,240,yes,4,hatchback,5,available,34695,5,2014,automatic,9.1,6.3,146,B,4.9,214,8.7,3.07,2200,1405,2190,75,76.4,303.82,322.5242718,[4.58- 2.96- 1.91- 1.45- 1.0- 0.75],1362.475,1437.475,1462.475,1470,2.744664,D
33958,D,48390,yes,yes,yes,yes,,no,yes,yes,yes,,fuel engine,petrol,125,260,front,,,,,,,,,,,1.525,4.92,2.737,1.858,,1598,regular,4,dohc,direct injection,70,4250,125,1650,260,yes,4,stationwagon,5,available,38995,5,2014,manual,9.8,6.2,146,B,5.3,215,7.8,3.94,2700,1564,2215,100,81.5,320.25,336.0194175,[4.27- 2.35- 1.48- 1.07- 0.88- 0.74],1516.75,1591.75,1616.75,1590,2.83345,D
33986,D,48418,yes,yes,yes,yes,,no,yes,yes,yes,,fuel engine,diesel,125,400,front,,,,,,,,,,,1.514,4.913,2.737,1.858,,1956,particle filter,4,dohc,common rail,70,3500,125,1750,400,yes,4,stationwagon,5,available,43095,5,2015,manual,9.9,4.5,119,B,3.8,220,5.7,3.55,2050,1633,2300,100,90.4,314.595,328.9805825,[3.92- 2.04- 1.32- 0.95- 0.75- 0.62],1585.75,1660.75,1685.75,1700,2.813012,D
5725,D,7035,yes,yes,yes,yes,,no,yes,yes,yes,,fuel engine,petrol,121,210,front,,,,,,,,,,,1.48,4.8,2.75,1.84,,1998,regular,4,dohc,direct injection,62,6000,121,4000,210,no,4,stationwagon,5,available,35990,5,2015,automatic,10.2,6,139,B,5,206,7.7,4.33,2450,1315,2020,,91.2,312.425,329.7572816,[3.55- 2.02- 1.45- 1.0- 0.71- 0.6],1273.15,1348.15,1373.15,1360,2.7232,D
5718,D,7027,yes,yes,yes,yes,,yes,yes,yes,yes,,fuel engine,diesel,110,380,front,,,,,,,,,,,1.48,4.8,2.75,1.84,,2191,particle filter,4,dohc,common rail,62,4500,110,2000,380,yes,4,stationwagon,5,available,36990,5,2015,manual,9.2,4.2,110,B,3.7,210,5.1,2.81,1950,1395,2090,,94.3,312.425,329.7572816,[3.54- 1.83- 1.57- 1.15- 0.89- 0.75],1353.15,1428.15,1453.15,1470,2.7232,D
36591,D,51970,yes,yes,yes,yes,,no,no,yes,no,,fuel engine,petrol,108,196,front,,,,,,,,,,,1.525,4.715,2.7,1.76,,1998,regular,4,dohc,direct injection,60,5700,108,4000,196,no,4,stationwagon,5,2008,31905,5,2006,manual,9.6,8.1,193,G,6.6,210,10.7,3.68,2950,1340,1895,90,86,299.75,313.9805825,[3.54- 2.05- 1.33- 1.03- 0.82],1299.5,1374.5,1399.5,1360,2.684,D
4350,D,5412,yes,yes,yes,no,,no,no,yes,no,,fuel engine,diesel,85,280,front,,,,,,,,,,,1.525,4.7,2.7,1.76,,1995,no,4,dohc,common rail,60,4000,85,2000,280,yes,4,stationwagon,5,2006,30200,5,2003,manual,11.4,6,158,G,5.1,195,7.7,3.68,2550,1405,1970,90,94,291.145,306.7475728,[3.54- 1.91- 1.26- 0.92- 0.69],1364.5,1439.5,1464.5,1470,2.684,D
39396,E,56025,yes,yes,yes,yes,,843,yes,yes,yes,,fuel engine,petrol,225,400,front+rear,,,,,,,,,,,1.464,4.907,2.968,1.86,,2979,regular,6,dohc,direct injection,70,5800,225,1200,400,yes,4,sedan,4,available,70201,5,2013,automatic,5.6,7.6,178,D,5.9,250,10.5,3.08,1950,1740,2365,100,89.6,312.425,329.7572816,[4.71- 3.14- 2.11- 1.67- 1.29- 1.0- 0.84- 0.67],1692.75,1767.75,1792.75,1810,2.72304,E
40595,E,57726,yes,yes,yes,yes,,843,yes,yes,yes,,fuel engine,diesel,110,360,rear,,,,,,,,,,,1.464,4.907,2.968,1.86,,1995,particle filter,4,dohc,common rail,70,4000,110,1750,360,yes,4,sedan,4,available,48985,5,2014,manual,9.5,4.3,114,B,3.9,218,5.1,3.23,2000,1590,2225,100,90,312.425,329.7572816,[4.11- 2.25- 1.4- 1.0- 0.8- 0.66],1542.75,1617.75,1642.75,1590,2.72304,E
5909,E,7262,yes,yes,yes,yes,,no,yes,yes,yes,,fuel engine,petrol,245,440,front+rear,,,,,,,,,,,1.455,4.933,2.912,1.874,,2995,regular,6,dohc,direct injection,75,5500,245,2900,440,yes,4,sedan,4,available,74680,5,2014,automatic,5.1,7.4,172,C,6,250,9.8,4.09,2000,1725,2360,100,89,314.595,328.9805825,[3.69- 2.15- 1.41- 1.03- 0.79- 0.63- 0.52],1674.375,1749.375,1774.375,1700,2.72667,E
5897,E,7250,yes,yes,yes,yes,,no,yes,yes,yes,,fuel engine,diesel,160,500,front+rear,,,,,,,,,,,1.455,4.933,2.912,1.874,,2967,particle filter,6,dohc,common rail,73,3250,160,1250,500,yes,4,sedan,4,available,70970,5,2014,automatic,6.6,5.1,133,C,4.6,244,5.9,4.09,1750,1740,2375,100,91.4,320.86,333.3009709,[3.69- 2.15- 1.34- 0.97- 0.74- 0.57- 0.46],1690.725,1765.725,1790.725,1810,2.72667,E
5928,E,7285,yes,yes,yes,yes,,no,yes,yes,yes,,fuel engine,petrol,245,440,front+rear,,,,,,,,,,,1.42,4.974,2.914,1.911,,2995,regular,6,dohc,direct injection,65,5300,245,2900,440,yes,4,hatchback,5,available,83090,4,2014,automatic,5.3,7.6,176,C,6.2,250,10,4.09,1950,1785,2420,100,89,318.105,333.3495146,[3.69- 2.15- 1.41- 1.03- 0.79- 0.63- 0.52],1741.125,1816.125,1841.125,1810,2.71362,E
5915,E,7272,yes,yes,yes,yes,,no,yes,yes,yes,,fuel engine,diesel,200,580,front+rear,,,,,,,,,,,1.42,4.974,2.914,1.911,,2967,particle filter,6,dohc,common rail,65,3500,200,1500,580,yes,4,hatchback,5,available,78590,4,2014,automatic,5.7,5.2,136,B,4.7,250,6,3.88,1650,1805,2440,100,91.4,318.105,333.3495146,[3.69- 2.15- 1.34- 0.97- 0.74- 0.57- 0.46],1761.125,1836.125,1861.125,1810,2.71362,E
40130,E,57084,yes,yes,yes,yes,,no,1145,yes,yes,,fuel engine,petrol,135,270,rear,,,,,,,,,,,1.512,4.895,2.874,1.854,,1796,regular,4,dohc,direct injection,59,5250,135,1800,270,yes,4,stationwagon,5,2013,54154,5,2011,manual,8.7,7.5,175,D,6.1,225,10,3.07,2450,1635,2310,100,85,301.895,316.6504854,[4.99- 2.82- 1.78- 1.25- 1.0- 0.82],1595.175,1670.175,1695.175,1700,2.803248,E
42363,E,60244,yes,yes,yes,yes,,no,1145,yes,yes,,fuel engine,diesel,170,500,rear,,,,,,,,,,,1.512,4.895,2.874,1.854,,2143,particle filter,4,dohc,common rail,59,4200,150,1600,500,yes,4,stationwagon,5,2013,62804,5,2012,automatic,7.8,4.4,116,B,4.4,232,4.5,2.65,1900,1855,2555,100,99,301.895,316.6504854,[4.38- 2.86- 1.92- 1.37- 1.0- 0.82- 0.73],1815.175,1890.175,1915.175,1930,2.803248,E
34760,E,49241,yes,yes,yes,yes,,no,yes,yes,yes,,fuel engine,petrol,92,200,front,,,,,,,,,,,1.51,4.833,2.761,1.817,,1390,regular,4,dohc,direct injection,60,5000,92,1500,200,yes,4,stationwagon,5,available,33030,5,2014,manual,10.6,6.1,142,B,5,203,8,4.06,2650,1389,2052,100,75.6,291.145,306.7475728,[3.62- 1.95- 1.28- 0.97- 0.78- 0.65],1348.5,1423.5,1448.5,1360,2.74367,E
34766,E,49247,yes,yes,yes,yes,,no,yes,yes,yes,,fuel engine,diesel,77,250,front,,,,,,,,,,,1.51,4.833,2.761,1.817,,1598,particle filter,4,dohc,common rail,60,4400,77,1500,250,yes,4,stationwagon,5,available,33560,5,2014,manual,12.3,4.3,110,B,3.6,195,5.2,3.39,2000,1441,2104,100,80.5,291.145,306.7475728,[4.11- 2.12- 1.36- 0.97- 0.73- 0.59],1400.5,1475.5,1500.5,1470,2.74367,E
1835,E,2797,yes,yes,yes,yes,,no,yes,yes,yes,,fuel engine,diesel,158,420,front,,,,,,,,,,,1.493,4.851,2.835,1.86,,2400,particle filter,5,dohc,common rail,70,4000,158,1400,420,yes,4,sedan,4,2014,53995,5,2013,manual,7.6,4.6,120,B,4,230,5.6,3.77,1950,1535,2190,100,93.15,303.65,318.8349515,[3.39- 1.91- 1.19- 0.84- 0.65- 0.54],1487.75,1562.75,1587.75,1590,2.77698,E
36101,E,51273,no,yes,no,no,,no,no,yes,no,,fuel engine,petrol,114,181,front,,,,,,,,,,,1.433,4.605,2.66,1.752,,1995,regular,4,dohc,multipoint injection,65,6500,114,3500,181,no,4,sedan,4,1995,35599,5,1994,automatic,13.9,9.2,,,,204,,3.35,2650,1300,1800,50,90,271.595,289.368932,[2.58- 1.41- 1.0- 0.74],1256.125,1331.125,1356.125,1360,2.510616,E
42886,E,60993,no,yes,no,no,,no,no,yes,no,,fuel engine,diesel,87,245,front,,,,,,,,,,,1.433,4.605,2.66,1.752,,2500,no,4,ohc,indirect injection,65,4100,87,2400,245,yes,2,sedan,4,1995,38685,5,1992,manual,11.5,7.2,,,,192,,3.56,2650,1326,1825,50,92,281.76,298.5436893,[3.75- 2.18- 1.38- 0.98- 0.72],1282.125,1357.125,1382.125,1360,2.510616,E
1431,E,1780,yes,yes,yes,yes,,yes,no,yes,no,,fuel engine,petrol,183,310,rear,,,,,,,,,,,1.43,4.825,2.85,1.815,,2995,regular,6,dohc,direct injection,71,6200,183,3500,310,no,4,sedan,4,2010,65405,5,2008,automatic,7.2,9.5,224,G,7,240,14,3.73,,1595,2125,75,83,303.65,318.8349515,[3.54- 2.06- 1.4- 1.0- 0.71- 0.58],1547.075,1622.075,1647.075,1590,2.59545,E
46547,F,66359,yes,yes,yes,yes,,yes,yes,yes,no,,fuel engine,petrol,380,830,rear,,,,,,,,,,,1.485,5.226,3.165,1.871,,5513,regular,12,ohc,multipoint injection,90,5000,380,1800,830,yes,3,sedan,4,2013,239450,5,2011,automatic,4.6,14.1,329,G,9.7,250,21.5,2.65,2050,2110,2690,100,87,318.105,333.3495146,[3.6- 2.19- 1.4- 1.0- 0.83],2049.25,2124.25,2149.25,2150,2.778435,F
44799,F,63762,yes,yes,yes,yes,,no,1145,yes,yes,,fuel engine,diesel,150,500,rear,,,,,,,,,,,1.485,5.096,3.035,1.871,,2143,particle filter,4,dohc,common rail,83,4200,150,1600,500,yes,4,sedan,4,2013,87950,5,2011,automatic,8.2,5.7,149,C,5,240,7,2.82,1900,1870,2565,100,99,316.715,335.0970874,[4.38- 2.86- 1.92- 1.37- 1.0- 0.82- 0.73],1813.975,1888.975,1913.975,1930,2.778435,F
41045,F,58362,yes,yes,yes,yes,,yes,yes,yes,yes,,fuel engine,petrol,368,625,front+rear,,,,,,,,,,,1.471,5.265,3.122,1.949,,6299,regular,12,dohc,direct injection,82,6200,368,4750,625,no,4,sedan,4,available,225650,5,2014,automatic,4.6,11.3,264,G,8.7,250,15.7,3.08,1850,2050,2675,100,90.4,330.805,345.6796117,[4.71- 3.14- 2.11- 1.67- 1.29- 1.0- 0.84- 0.67],1994.65,2069.65,2094.65,2040,2.866979,F
39820,F,56641,yes,yes,yes,yes,,1471,yes,yes,yes,,fuel engine,diesel,190,580,front+rear,,,,,,,,,,,1.46,5.265,3.122,1.949,,2967,particle filter,6,dohc,common rail,82,4000,190,1750,580,yes,4,sedan,4,available,101130,5,2013,automatic,6.1,6,158,B,5.2,250,7.5,2.38,1400,1910,2585,100,91.4,329.415,347.4271845,[4.71- 3.14- 2.11- 1.67- 1.29- 1.0- 0.84- 0.67],1854.65,1929.65,1954.65,1930,2.84554,F
34183,F,48630,yes,yes,yes,yes,,no,yes,yes,yes,,fuel engine,petrol,228,400,front+rear,,,,,,,,,,,1.418,5.015,2.92,1.931,,3605,regular,6,dohc,direct injection,100,6200,228,3750,400,no,4,hatchback,5,available,113500,4,2013,automatic,6.1,8.7,203,D,7.1,257,11.4,3.9,2100,1820,2420,75,83,324.15,340.8737864,[5.97- 3.31- 2.01- 1.37- 1.0- 0.81- 0.59],1752.5,1827.5,1852.5,1810,2.738158,F
34186,F,48634,yes,yes,yes,yes,,no,yes,yes,yes,,fuel engine,diesel,221,650,rear,,,,,,,,,,,1.418,5.015,2.92,1.931,,2967,particle filter,6,dohc,common rail,80,4000,221,1750,650,yes,4,hatchback,5,available,106400,4,2014,automatic,6,6.4,169,D,5.6,259,7.7,2.69,1700,1900,2500,75,91.4,324.15,340.8737864,[4.92- 2.81- 1.84- 1.43- 1.21- 1.0- 0.83- 0.69],1846,1921,1946,1930,2.738158,F
20612,F,28021,yes,yes,yes,yes,,1990,1325,yes,no,,fuel engine,petrol,246,430,front+rear,,,,,,,,,,,1.45,5.059,2.881,1.903,,4172,regular,8,dohc,multipoint injection,90,6500,246,3500,430,no,4,sedan,4,available,148590,5,2010,automatic,6.9,12.5,290,G,9.2,250,18.2,3.31,2100,2082,2700,100,93,316.715,335.0970874,[4.17- 2.34- 1.52- 1.14- 0.87- 0.69],2021.25,2096.25,2121.25,2040,2.75935,F
20605,F,28014,yes,yes,yes,yes,,1990,yes,yes,no,,fuel engine,diesel,180,500,front+rear,,,,,,,,,,,1.45,5.059,2.881,1.903,,2967,particle filter,6,dohc,common rail,90,4000,180,1500,500,yes,4,sedan,4,available,108890,5,2013,automatic,8.3,8.5,224,G,6.7,238,11.6,3.33,2100,2133,2760,100,91.4,313.18,334.1747573,[4.17- 2.34- 1.52- 1.14- 0.87- 0.69],2072.25,2147.25,2172.25,2150,2.75935,F
1324,F,1516,yes,yes,yes,yes,,no,yes,yes,no,,fuel engine,petrol,224,420,rear,,,,,,,,,,,1.455,5.215,3.159,1.86,,4196,regular,8,dohc,multipoint injection,85,6000,224,4100,420,no,4,sedan,4,2009,121090,5,2009,automatic,6.6,11.4,269,G,8.4,250,16.7,2.87,1850,1615,2246,75,90.3,320.86,333.3009709,[4.17- 2.34- 1.52- 1.14- 0.87- 0.69],1557.625,1632.625,1657.625,1590,2.7063,F
9882,F,12375,yes,yes,yes,yes,,yes,yes,yes,no,,fuel engine,petrol,301,550,rear,,,,,,,,,,,1.481,5.262,3.171,1.948,,2979,regular,6,dohc,direct injection,80,5500,301,1750,550,yes,4,sedan,4,available,139821,5,2014,automatic,5.1,10.5,244,F,7.7,285,15.3,3.73,,1920,2540,,84.5,327.295,341.3106796,[3.29- 2.16- 1.61- 1.27- 1.03- 0.85],1866,1941,1966,1930,2.884988,F
4957,F,6112,yes,yes,yes,yes,,no,yes,yes,no,,fuel engine,petrol,373,999,rear,,,,,,,,,,,1.515,5.4,3.116,1.9,,6761,regular,8,ohv,multipoint injection,96,4200,373,3200,999,yes,2,sedan,4,2010,,5,2007,automatic,5.5,19.5,465,G,14.1,288,28.8,2.69,,2585,3065,,99.1,330.805,345.6796117,[2.48- 1.48- 1.0- 0.75],2520.2,2595.2,2620.2,2270,2.8785,F
5595,S,6869,yes,yes,yes,yes,,966,yes,yes,yes,,fuel engine,petrol,235,450,front+rear,,,,,,,,,,,1.365,4.894,2.855,1.894,,2979,regular,6,dohc,direct injection,70,5800,235,1300,450,yes,4,cabriolet,2,available,120895,4,2015,automatic,5.4,8.2,191,D,6.3,250,11.4,3.23,2050,1865,2390,0,89.6,314.595,328.9805825,[4.71- 3.14- 2.11- 1.67- 1.29- 1.0- 0.84- 0.67],1817.75,1892.75,1917.75,1930,2.58531,S
18831,S,25445,yes,yes,yes,no,,no,yes,yes,yes,,fuel engine,petrol,150,310,rear,,,,,,,,,,,1.301,4.134,2.43,1.81,,1796,regular,4,dohc,direct injection,60,5500,150,2000,310,yes,4,cabriolet,2,available,52250,2,2012,manual,6.5,6.9,160,E,5.3,244,9.5,3.27,2750,1375,1790,50,85,294.875,307.9126214,[4.46- 2.61- 1.72- 1.25- 1.0- 0.84],1334.5,1409.5,1434.5,1360,2.35481,S
18833,S,25447,yes,yes,yes,no,,no,yes,yes,yes,,fuel engine,diesel,150,500,rear,,,,,,,,,,,1.301,4.134,2.43,1.81,,2143,particle filter,4,dohc,common rail,60,5500,150,1600,500,yes,4,cabriolet,2,available,50850,2,2012,manual,6.5,4.8,124,E,4,244,6.2,2.47,2000,1470,1885,50,99,291.145,306.7475728,[5.1- 2.78- 1.75- 1.25- 1.0- 0.81],1429.5,1504.5,1529.5,1470,2.35481,S
9575,S,11820,yes,yes,yes,yes,,no,yes,yes,yes,,fuel engine,petrol,135,270,rear,,,,,,,,,,,1.291,4.239,2.496,1.79,,1997,regular,4,dohc,direct injection,55,5000,135,1250,270,yes,4,cabriolet,2,available,51395,2,2013,manual,6.9,6.8,159,E,5.6,235,8.9,3.73,2550,1370,1725,0,90.1,294.875,307.9126214,[3.68- 2.06- 1.31- 1.0- 0.81- 0.68],1332.875,1407.875,1432.875,1360,2.31089,S
5380,S,6651,yes,yes,yes,yes,,no,yes,yes,yes,,fuel engine,diesel,135,380,front,,,,,,,,,,,1.355,4.177,2.505,1.832,,1984,particle filter,4,dohc,common rail,50,3500,135,1750,380,yes,4,cabriolet,2,available,54310,4,2015,manual,7.3,4.3,114,D,3.9,237,5.1,2.76,2050,1335,1680,75,92.8,303.65,318.8349515,[3.77- 2.09- 1.32- 0.92- 0.9- 0.76],1301.25,1376.25,1401.25,1360,2.48236,S
9936,S,12429,yes,yes,yes,no,,no,no,yes,no,,fuel engine,petrol,93,167,rear,,,,,,,,,,,1.245,4.02,2.33,1.72,,1798,regular,4,dohc,multipoint injection,50,6500,93,4500,167,no,4,cabriolet,2,available,31490,2,2014,manual,9.9,7.1,167,F,5.6,194,9.8,4.1,3400,1050,1375,,83.1,287.855,299.1747573,[3.14- 1.89- 1.33- 1.0- 0.81],1016.25,1091.25,1116.25,1130,2.1414,S
7995,S,9583,yes,yes,416,no,,no,541,yes,yes,,fuel engine,petrol,243,370,rear,,,,,,,,,,,1.273,4.404,2.475,1.801,,3436,regular,6,dohc,direct injection,64,6700,243,4500,370,no,4,cabriolet,2,available,92800,2,2014,automatic,4.9,8.2,190,F,6.3,279,11.4,3.25,1900,1350,1685,75,77.5,318.155,326.4563107,[3.91- 2.29- 1.65- 1.3- 1.08- 0.88- 0.62],1306.8,1381.8,1406.8,1360,2.292673,S
6331,S,7726,yes,yes,yes,yes,,no,yes,yes,yes,,fuel engine,petrol,412,755,rear,,,,,,,,,,,1.322,4.57,2.67,1.91,,3855,regular,8,dohc,direct injection,78,7500,412,4750,755,yes,4,cabriolet,2,available,223348,4,2014,automatic,3.6,10.5,250,G,,316,,4.44,3000,1625,,,82,317.74,329.4174757,[3.4- 2.19- 1.63- 1.29- 1.03- 0.84- 0.72],1572.35,1647.35,1672.35,1700,2.52502,S
18173,S,24485,yes,yes,no,yes,,no,no,yes,no,,fuel engine,petrol,419,540,front+rear,,,,,,,,,,,1.184,4.386,2.56,1.9,,5204,regular,10,dohc,direct injection,80,8000,419,6500,540,no,4,cabriolet,2,2013,318570,2,2012,manual,3.9,13.6,327,G,9.6,324,20.5,3.08,2450,1485,1800,,92.8,305.455,314.1262136,[2.56- 1.85- 1.42- 1.14- 0.94- 0.81],1431,1506,1531,1470,2.2496,S
34286,M,48741,yes,yes,yes,yes,,yes,yes,yes,yes,,fuel engine,petrol,85,190,front,,,,,,,,,,,1.64,4.366,2.702,1.845,,1198,regular,4,dohc,direct injection,60,4500,85,2000,190,yes,4,mpv,5,2015,27690,5,2014,manual,11.7,5.9,135,B,5.2,185,7.2,4.73,3350,1295,1955,,73.1,303.845,319.0776699,[3.73- 2.11- 1.45- 1.09- 0.87- 0.73],1254.5,1329.5,1354.5,1360,3.0258,M
34279,M,48734,yes,yes,yes,yes,,no,yes,yes,yes,,fuel engine,diesel,81,260,front,,,,,,,,,,,1.64,4.366,2.702,1.845,,1461,particle filter,4,dohc,common rail,60,4000,81,1750,260,yes,2,mpv,5,available,30790,5,2014,manual,12.5,4.1,105,B,3.9,180,4.5,4.13,2550,1360,1967,,80.5,299.14,316.6990291,[3.73- 1.96- 1.32- 0.98- 0.76- 0.64],1319.5,1394.5,1419.5,1360,3.0258,M
20706,M,28115,yes,yes,yes,yes,,no,585,yes,yes,,fuel engine,diesel,77,250,front,,,,,,,,,,,1.674,4.397,2.678,1.794,,1598,particle filter,4,dohc,common rail,60,4400,77,1500,250,yes,4,mpv,5,2015,35390,7,2014,manual,12.8,4.6,121,E,4.1,186,5.5,3.65,2300,1444,2180,100,80.5,291.145,306.7475728,[4.11- 2.12- 1.36- 0.97- 0.77- 0.63],1403.5,1478.5,1503.5,1470,3.003156,M
34058,M,48494,yes,yes,yes,yes,,no,yes,yes,no,,fuel engine,petrol,115,240,front,,,,,,,,,,,1.639,4.365,2.613,1.837,,1598,regular,4,dohc,direct injection,60,6000,115,1400,240,yes,4,mpv,5,available,31950,5,2014,manual,8.9,6.9,159,D,5.5,202,9.3,4.18,2750,1434,2020,75,85.8,303.65,318.8349515,[3.54- 1.92- 1.33- 1.03- 0.82- 0.68],1393.5,1468.5,1493.5,1470,3.010843,M
34057,M,48493,yes,yes,yes,yes,,no,yes,yes,yes,,fuel engine,diesel,85,270,front,,,,,,,,,,,1.639,4.365,2.613,1.837,,1560,particle filter,4,dohc,common rail,60,3600,85,1750,270,yes,4,mpv,5,2014,32850,5,2014,automatic,12.6,4.2,110,C,4,183,4.5,4.18,2450,1398,2020,75,88.3,303.65,318.8349515,[3.54- 1.92- 1.32- 0.98- 0.76- 0.6],1357.5,1432.5,1457.5,1470,3.010843,M
24268,M,34104,yes,yes,yes,yes,,yes,yes,yes,no,,fuel engine,petrol,118,240,front,,,,,,,,,,,1.658,4.768,2.85,1.884,,1596,regular,4,dohc,direct injection,70,5700,118,1750,240,yes,4,mpv,5,available,39885,05-Jul,2013,manual,9.8,7,159,C,5.7,204,9.4,4.07,,1498,2400,75,81.4,303.65,318.8349515,[3.8- 2.14- 1.48- 1.11- 0.9],1450.75,1525.75,1550.75,1470,3.123672,M
19028,M,25734,yes,yes,yes,no,,no,no,yes,yes,,fuel engine,petrol,103,200,front,,,,,,,,,,,1.685,4.658,2.76,1.82,,1364,regular,4,dohc,multipoint injection,58,4900,103,1850,200,yes,4,mpv,5,available,28195,05-Jul,2015,manual,10.7,6.1,144,C,5.3,202,7.6,3.83,2950,1513,2295,,82.6,303.65,318.8349515,[4.27- 2.35- 1.57- 1.15- 0.94- 0.8],1473.85,1548.85,1573.85,1590,3.0667,M
19058,M,25764,yes,yes,yes,yes,,no,no,yes,yes,,fuel engine,diesel,125,400,front,,,,,,,,,,,1.685,4.658,2.76,1.82,,1956,particle filter,4,dohc,common rail,58,3750,125,1750,400,yes,4,mpv,5,available,38645,05-Jul,2015,manual,9.8,4.9,129,D,4.2,208,6.1,3.35,2000,1633,2410,,90.4,303.65,318.8349515,[4.17- 2.13- 1.32- 0.95- 0.76- 0.62],1593.85,1668.85,1693.85,1700,3.0667,M
7979,M,9565,yes,yes,yes,no,,no,525,yes,no,,fuel engine,petrol,88,160,front,,,,,,,,,,,1.801,4.38,2.728,1.81,,1598,regular,4,ohc,multipoint injection,60,6000,88,4250,160,no,4,mpv,5,available,28150,5,2013,manual,12,7.3,169,E,6,177,9.6,5.07,3700,1295,2000,100,85.5,294.435,314.3203883,[3.45- 1.87- 1.29- 0.95- 0.74],1254.5,1329.5,1354.5,1360,3.25981,M
22591,J,31205,yes,yes,yes,no,,450,yes,yes,no,,fuel engine,diesel,130,350,front+rear,,,,,,,,,,,1.703,4.426,2.604,1.809,,1968,particle filter,4,dohc,common rail,64,4200,130,1750,350,yes,4,suv/crossover,5,available,49990,5,2013,manual,8.5,5.8,151,G,5.2,202,6.7,3.05,2150,1578,2240,75,95.5,316.715,335.0970874,[3.92- 2.05- 1.75- 1.23- 0.94- 0.77],1534.8,1609.8,1634.8,1590,3.080727,J
34202,J,48652,yes,yes,yes,no,,yes,yes,yes,no,,fuel engine,petrol,88,190,front,,,,,,,,,,,1.566,4.122,2.606,1.778,,1196,regular,4,dohc,direct injection,45,4900,88,2000,190,yes,4,suv/crossover,5,available,25190,5,2015,automatic,10.9,5.4,125,B,4.7,192,6.6,3.95,2650,1155,1726,,73.1,303.845,319.0776699,[3.92- 2.43- 1.44- 1.02- 0.87- 0.7],1124.625,1199.625,1224.625,1250,2.784348,J
40170,J,57148,yes,yes,yes,yes,,yes,yes,yes,yes,,fuel engine,petrol,85,190,front,,,,,,,,,,,1.59,4.377,2.646,1.806,,1197,regular,4,dohc,direct injection,55,4500,85,2000,190,yes,4,suv/crossover,5,2015,30190,5,2014,manual,11.3,5.8,129,B,4.9,183,6.9,4.21,2500,1250,1860,75,73.1,320.275,332.5728155,[3.73- 1.95- 1.32- 0.98- 0.76- 0.64],1212.875,1287.875,1312.875,1250,2.87154,J
44599,J,63482,yes,yes,yes,yes,,yes,yes,yes,yes,,fuel engine,diesel,96,320,front,,,,,,,,,,,1.59,4.377,2.646,1.806,,1598,particle filter,4,dohc,common rail,55,4000,96,1750,320,yes,4,suv/crossover,5,available,35500,5,2014,manual,10.5,4.4,115,D,3.9,190,5.2,4.13,2300,1340,1960,75,79.5,320.275,332.5728155,[3.73- 2.04- 1.32- 0.95- 0.72- 0.6],1302.875,1377.875,1402.875,1360,2.87154,J
5358,J,6629,yes,yes,yes,yes,,yes,yes,yes,yes,,fuel engine,petrol,162,350,front+rear,,,,,,,,,,,1.608,4.388,2.603,1.831,,1984,regular,4,dohc,direct injection,64,4500,162,1500,350,yes,4,suv/crossover,5,available,52700,5,2015,automatic,6.4,6.7,154,D,5.9,233,8.1,3.94,2300,1540,2165,75,92.8,316.715,335.0970874,[3.56- 2.53- 1.68- 1.02- 0.79- 0.76- 0.64],1496.8,1571.8,1596.8,1590,2.944248,J
5338,J,6609,yes,yes,yes,yes,,yes,yes,yes,yes,,fuel engine,diesel,135,380,front+rear,,,,,,,,,,,1.608,4.388,2.603,1.831,,1968,particle filter,4,dohc,common rail,64,3500,135,1800,380,yes,4,suv/crossover,5,available,51560,5,2015,manual,7.9,5.2,137,F,4.5,219,6.5,3.37,2400,1580,2205,75,95.5,316.715,335.0970874,[3.92- 2.05- 1.75- 1.23- 0.94- 0.77],1536.8,1611.8,1636.8,1590,2.944248,J
34015,J,48450,yes,yes,yes,yes,,no,yes,yes,yes,,fuel engine,diesel,88,300,front,,,,,,,,,,,1.556,4.159,2.538,1.739,,1560,regular,4,dohc,common rail,50,3500,88,1750,300,yes,4,suv/crossover,5,available,26750,5,2015,manual,10.4,3.7,96,C,3.3,192,4.3,3.74,2250,1175,1726,,88.3,294.46,310.8737864,[3.85- 2.09- 1.39- 0.99- 0.73- 0.61],1141.25,1216.25,1241.25,1250,2.705884,J
9872,J,12277,yes,yes,yes,yes,,yes,yes,yes,yes,,fuel engine,petrol,375,625,front+rear,,,,,,,,,,,1.835,4.999,2.922,1.983,,5000,regular,8,dohc,multipoint injection,105,6000,375,2500,625,yes,4,suv/crossover,5,available,235700,5,2014,automatic,5.4,12.8,299,G,9.7,225,18.3,3.31,1800,2330,3150,100,93,363.395,382.7669903,[4.7- 3.13- 2.1- 1.67- 1.29- 1.0- 0.84- 0.67],2259.125,2334.125,2359.125,2270,3.638805,J
9856,J,12261,yes,yes,yes,yes,,yes,yes,yes,yes,,fuel engine,diesel,190,600,front+rear,,,,,,,,,,,1.84,5.199,3.12,1.983,,2993,particle filter,6,dohc,common rail,85,4000,190,2000,600,yes,4,suv/crossover,5,available,148500,5,2014,automatic,7.9,6.9,182,C,6.3,210,7.8,3.21,1750,2301,3050,100,90,363.395,382.7669903,[4.7- 3.13- 2.1- 1.67- 1.29- 1.0- 0.84- 0.67],2243.625,2318.625,2343.625,2270,3.64872,J
6446,J,7929,yes,yes,yes,yes,,660,yes,yes,no,,fuel engine,petrol,177,340,front+rear,,,,,,,,,,,1.724,4.599,2.741,1.895,,1999,regular,4,dohc,multipoint injection,70,5500,177,1750,340,yes,4,suv/crossover,5,available,73200,5,2014,automatic,8.2,8.2,191,E,,199,,3.75,,1744,2505,75,83.1,342.115,359.7572816,[4.15- 2.37- 1.56- 1.16- 0.86- 0.69],1696.75,1771.75,1796.75,1810,3.26698,J
8866,J,11013,yes,yes,440,no,,no,410,yes,yes,,fuel engine,diesel,110,420,front+rear,,,,,,,,,,,1.74,4.5,2.66,1.91,,2179,particle filter,4,dohc,common rail,68,4000,110,1750,420,yes,4,suv/crossover,5,2014,42930,5,2012,manual,11.7,6.2,165,F,5.6,181,7.4,4.53,2100,1710,2505,75,96,335.045,357.9126214,[3.75- 1.91- 1.18- 0.84- 0.65- 0.54],1664.1,1739.1,1764.1,1700,3.3234,J
9001,J,11169,yes,yes,yes,yes,,no,yes,yes,no,,fuel engine,petrol,285,530,front+rear,,,,,,,,,,,1.956,4.267,2.4,1.76,,5461,regular,8,ohc,multipoint injection,96,6000,285,2800,530,no,4,suv/crossover,2,2014,198900,4,2013,automatic,5.9,14.9,348,G,11.9,210,20,4.38,2600,2235,2850,,90.5,352.62,376.3106796,[4.38- 2.86- 1.92- 1.37- 1.0- 0.82- 0.73],2170.2,2245.2,2270.2,2270,3.44256,J
9551,J,11796,yes,yes,yes,yes,,no,yes,yes,yes,,fuel engine,petrol,423,750,front+rear,,,,,,,,,,,1.754,4.88,2.933,1.985,,4395,regular,8,dohc,direct injection,85,6000,423,2200,750,yes,4,suv/crossover,5,available,164700,05-Jul,2015,automatic,4.2,11.1,258,G,9,250,14.7,3.15,1750,2250,2970,100,88.3,342.92,357.2815534,[5.0- 3.2- 2.14- 1.72- 1.31- 1.0- 0.82- 0.64],2192.625,2267.625,2292.625,2270,3.48169,J
6222,J,7592,yes,yes,yes,yes,,630,no,yes,yes,,fuel engine,diesel,190,560,front+rear,,,,,,,,,,,1.661,4.657,2.81,1.881,,2993,particle filter,6,dohc,common rail,67,4000,190,1500,560,yes,4,suv/crossover,5,available,70886,5,2014,automatic,5.9,5.9,156,E,5.6,232,6.5,2.81,1700,1795,2410,100,90,321.2,340.6796117,[4.71- 3.14- 2.11- 1.67- 1.29- 1.0- 0.84- 0.67],1749.775,1824.775,1849.775,1810,3.124341,J
